{"cameraMode":{"drawMode":0,"name":"Shaded","section":"Shading Mode"},"sceneLighting":false,"audioPlay":false,"sceneViewState":{"showFog":true,"showMaterialUpdate":false,"showSkybox":false,"showFlares":true,"showImageEffects":true,"showParticleSystems":true},"in2DMode":false,"pivot":{"x":-1874.14013671875,"y":7.08831787109375,"z":7741.357421875},"rotation":{"x":-0.13187526166439057,"y":-0.027656352147459985,"z":0.0036803775001317264,"w":-0.9908736348152161},"size":26958.763671875,"orthographic":false}