{"cameraMode":{"drawMode":0,"name":"Shaded","section":"Shading Mode"},"sceneLighting":false,"audioPlay":false,"sceneViewState":{"showFog":true,"showMaterialUpdate":false,"showSkybox":false,"showFlares":true,"showImageEffects":true,"showParticleSystems":true},"in2DMode":false,"pivot":{"x":37.75313949584961,"y":-24.72003173828125,"z":56.65812683105469},"rotation":{"x":-0.39076289534568789,"y":-0.058465439826250079,"z":0.024879392236471177,"w":-0.9182958602905273},"size":192.6310577392578,"orthographic":false}