{"cameraMode":{"drawMode":0,"name":"Shaded","section":"Shading Mode"},"sceneLighting":false,"audioPlay":false,"sceneViewState":{"showFog":true,"showMaterialUpdate":false,"showSkybox":false,"showFlares":true,"showImageEffects":true,"showParticleSystems":true},"in2DMode":false,"pivot":{"x":14.522181510925293,"y":-45.599998474121097,"z":137.2192840576172},"rotation":{"x":-0.1948276311159134,"y":-0.08431527018547058,"z":0.01681331917643547,"w":-0.9770621657371521},"size":17.46608543395996,"orthographic":false}