{"cameraMode":{"drawMode":0,"name":"Shaded","section":"Shading Mode"},"sceneLighting":false,"audioPlay":false,"sceneViewState":{"showFog":true,"showMaterialUpdate":false,"showSkybox":false,"showFlares":true,"showImageEffects":true,"showParticleSystems":true},"in2DMode":false,"pivot":{"x":3.5302627086639406,"y":0.18645715713500977,"z":2.214449405670166},"rotation":{"x":0.024278294295072557,"y":0.922345757484436,"z":-0.3810986578464508,"w":0.058760736137628558},"size":9.875422477722168,"orthographic":false}